cycle,branch,model,modeldate,candidate_inc,candidate_chal,candidate_3rd,evprob_inc,evprob_chal,evprob_3rd,total_ev,timestamp,simulations
2020,President,polls-plus,8/21/2020,Trump,Biden,,0.00005,0,,0,2020-08-21 19:26,40000
2020,President,polls-plus,8/21/2020,Trump,Biden,,0.000125,0,,1,2020-08-21 19:26,40000
2020,President,polls-plus,8/21/2020,Trump,Biden,,0,0,,2,2020-08-21 19:26,40000
2020,President,polls-plus,8/21/2020,Trump,Biden,,0,0.000075,,3,2020-08-21 19:26,40000
2020,President,polls-plus,8/21/2020,Trump,Biden,,0.000875,0,,4,2020-08-21 19:26,40000
2020,President,polls-plus,8/21/2020,Trump,Biden,,0.00005,0,,5,2020-08-21 19:26,40000
2020,President,polls-plus,8/21/2020,Trump,Biden,,0.000025,0,,6,2020-08-21 19:26,40000
2020,President,polls-plus,8/21/2020,Trump,Biden,,0.000075,0,,7,2020-08-21 19:26,40000
2020,President,polls-plus,8/21/2020,Trump,Biden,,0.000275,0,,8,2020-08-21 19:26,40000
2020,President,polls-plus,8/21/2020,Trump,Biden,,0.00035,0,,9,2020-08-21 19:26,40000
2020,President,polls-plus,8/21/2020,Trump,Biden,,0.000075,0,,10,2020-08-21 19:26,40000
2020,President,polls-plus,8/21/2020,Trump,Biden,,0.000325,0,,11,2020-08-21 19:26,40000
2020,President,polls-plus,8/21/2020,Trump,Biden,,0.00005,0,,12,2020-08-21 19:26,40000
2020,President,polls-plus,8/21/2020,Trump,Biden,,0.0003,0,,13,2020-08-21 19:26,40000
2020,President,polls-plus,8/21/2020,Trump,Biden,,0.0002,0,,14,2020-08-21 19:26,40000
2020,President,polls-plus,8/21/2020,Trump,Biden,,0.000225,0.000025,,15,2020-08-21 19:26,40000
2020,President,polls-plus,8/21/2020,Trump,Biden,,0.00045,0.000025,,16,2020-08-21 19:26,40000
2020,President,polls-plus,8/21/2020,Trump,Biden,,0.000225,0.000025,,17,2020-08-21 19:26,40000
2020,President,polls-plus,8/21/2020,Trump,Biden,,0.000175,0,,18,2020-08-21 19:26,40000
2020,President,polls-plus,8/21/2020,Trump,Biden,,0.00025,0,,19,2020-08-21 19:26,40000
2020,President,polls-plus,8/21/2020,Trump,Biden,,0.0004,0,,20,2020-08-21 19:26,40000
2020,President,polls-plus,8/21/2020,Trump,Biden,,0.0001,0,,21,2020-08-21 19:26,40000
2020,President,polls-plus,8/21/2020,Trump,Biden,,0.000375,0,,22,2020-08-21 19:26,40000
2020,President,polls-plus,8/21/2020,Trump,Biden,,0.00035,0.00005,,23,2020-08-21 19:26,40000
2020,President,polls-plus,8/21/2020,Trump,Biden,,0.000225,0,,24,2020-08-21 19:26,40000
2020,President,polls-plus,8/21/2020,Trump,Biden,,0.000475,0,,25,2020-08-21 19:26,40000
2020,President,polls-plus,8/21/2020,Trump,Biden,,0.000375,0.000025,,26,2020-08-21 19:26,40000
2020,President,polls-plus,8/21/2020,Trump,Biden,,0.0002,0,,27,2020-08-21 19:26,40000
2020,President,polls-plus,8/21/2020,Trump,Biden,,0.000575,0.000025,,28,2020-08-21 19:26,40000
2020,President,polls-plus,8/21/2020,Trump,Biden,,0.00075,0.000025,,29,2020-08-21 19:26,40000
2020,President,polls-plus,8/21/2020,Trump,Biden,,0.000225,0,,30,2020-08-21 19:26,40000
2020,President,polls-plus,8/21/2020,Trump,Biden,,0.000575,0,,31,2020-08-21 19:26,40000
2020,President,polls-plus,8/21/2020,Trump,Biden,,0.0008,0.000025,,32,2020-08-21 19:26,40000
2020,President,polls-plus,8/21/2020,Trump,Biden,,0.000275,0.000025,,33,2020-08-21 19:26,40000
2020,President,polls-plus,8/21/2020,Trump,Biden,,0.000675,0.000025,,34,2020-08-21 19:26,40000
2020,President,polls-plus,8/21/2020,Trump,Biden,,0.0008,0.000025,,35,2020-08-21 19:26,40000
2020,President,polls-plus,8/21/2020,Trump,Biden,,0.0003,0,,36,2020-08-21 19:26,40000
2020,President,polls-plus,8/21/2020,Trump,Biden,,0.000725,0,,37,2020-08-21 19:26,40000
2020,President,polls-plus,8/21/2020,Trump,Biden,,0.000575,0,,38,2020-08-21 19:26,40000
2020,President,polls-plus,8/21/2020,Trump,Biden,,0.000525,0,,39,2020-08-21 19:26,40000
2020,President,polls-plus,8/21/2020,Trump,Biden,,0.000825,0,,40,2020-08-21 19:26,40000
2020,President,polls-plus,8/21/2020,Trump,Biden,,0.000375,0.000025,,41,2020-08-21 19:26,40000
2020,President,polls-plus,8/21/2020,Trump,Biden,,0.0005,0,,42,2020-08-21 19:26,40000
2020,President,polls-plus,8/21/2020,Trump,Biden,,0.0011,0,,43,2020-08-21 19:26,40000
2020,President,polls-plus,8/21/2020,Trump,Biden,,0.000375,0,,44,2020-08-21 19:26,40000
2020,President,polls-plus,8/21/2020,Trump,Biden,,0.000725,0,,45,2020-08-21 19:26,40000
2020,President,polls-plus,8/21/2020,Trump,Biden,,0.00075,0,,46,2020-08-21 19:26,40000
2020,President,polls-plus,8/21/2020,Trump,Biden,,0.000525,0,,47,2020-08-21 19:26,40000
2020,President,polls-plus,8/21/2020,Trump,Biden,,0.0006,0.00005,,48,2020-08-21 19:26,40000
2020,President,polls-plus,8/21/2020,Trump,Biden,,0.00045,0.000025,,49,2020-08-21 19:26,40000
2020,President,polls-plus,8/21/2020,Trump,Biden,,0.000375,0,,50,2020-08-21 19:26,40000
2020,President,polls-plus,8/21/2020,Trump,Biden,,0.00135,0.000025,,51,2020-08-21 19:26,40000
2020,President,polls-plus,8/21/2020,Trump,Biden,,0.001175,0,,52,2020-08-21 19:26,40000
2020,President,polls-plus,8/21/2020,Trump,Biden,,0.0004,0,,53,2020-08-21 19:26,40000
2020,President,polls-plus,8/21/2020,Trump,Biden,,0.001025,0,,54,2020-08-21 19:26,40000
2020,President,polls-plus,8/21/2020,Trump,Biden,,0.0015,0.000025,,55,2020-08-21 19:26,40000
2020,President,polls-plus,8/21/2020,Trump,Biden,,0.00085,0,,56,2020-08-21 19:26,40000
2020,President,polls-plus,8/21/2020,Trump,Biden,,0.001175,0,,57,2020-08-21 19:26,40000
2020,President,polls-plus,8/21/2020,Trump,Biden,,0.00095,0.000025,,58,2020-08-21 19:26,40000
2020,President,polls-plus,8/21/2020,Trump,Biden,,0.000475,0.000025,,59,2020-08-21 19:26,40000
2020,President,polls-plus,8/21/2020,Trump,Biden,,0.000875,0,,60,2020-08-21 19:26,40000
2020,President,polls-plus,8/21/2020,Trump,Biden,,0.00055,0.000025,,61,2020-08-21 19:26,40000
2020,President,polls-plus,8/21/2020,Trump,Biden,,0.00125,0.000025,,62,2020-08-21 19:26,40000
2020,President,polls-plus,8/21/2020,Trump,Biden,,0.001375,0.000025,,63,2020-08-21 19:26,40000
2020,President,polls-plus,8/21/2020,Trump,Biden,,0.000625,0,,64,2020-08-21 19:26,40000
2020,President,polls-plus,8/21/2020,Trump,Biden,,0.001025,0,,65,2020-08-21 19:26,40000
2020,President,polls-plus,8/21/2020,Trump,Biden,,0.001275,0.000025,,66,2020-08-21 19:26,40000
2020,President,polls-plus,8/21/2020,Trump,Biden,,0.000925,0,,67,2020-08-21 19:26,40000
2020,President,polls-plus,8/21/2020,Trump,Biden,,0.000875,0,,68,2020-08-21 19:26,40000
2020,President,polls-plus,8/21/2020,Trump,Biden,,0.001175,0.000025,,69,2020-08-21 19:26,40000
2020,President,polls-plus,8/21/2020,Trump,Biden,,0.0011,0.000025,,70,2020-08-21 19:26,40000
2020,President,polls-plus,8/21/2020,Trump,Biden,,0.00105,0.00005,,71,2020-08-21 19:26,40000
2020,President,polls-plus,8/21/2020,Trump,Biden,,0.00105,0.00005,,72,2020-08-21 19:26,40000
2020,President,polls-plus,8/21/2020,Trump,Biden,,0.0008,0,,73,2020-08-21 19:26,40000
2020,President,polls-plus,8/21/2020,Trump,Biden,,0.0012,0.00005,,74,2020-08-21 19:26,40000
2020,President,polls-plus,8/21/2020,Trump,Biden,,0.001275,0.00005,,75,2020-08-21 19:26,40000
2020,President,polls-plus,8/21/2020,Trump,Biden,,0.001525,0.00005,,76,2020-08-21 19:26,40000
2020,President,polls-plus,8/21/2020,Trump,Biden,,0.001575,0.000025,,77,2020-08-21 19:26,40000
2020,President,polls-plus,8/21/2020,Trump,Biden,,0.00105,0.00005,,78,2020-08-21 19:26,40000
2020,President,polls-plus,8/21/2020,Trump,Biden,,0.0007,0.000025,,79,2020-08-21 19:26,40000
2020,President,polls-plus,8/21/2020,Trump,Biden,,0.001575,0,,80,2020-08-21 19:26,40000
2020,President,polls-plus,8/21/2020,Trump,Biden,,0.001275,0,,81,2020-08-21 19:26,40000
2020,President,polls-plus,8/21/2020,Trump,Biden,,0.00205,0.000075,,82,2020-08-21 19:26,40000
2020,President,polls-plus,8/21/2020,Trump,Biden,,0.00175,0.0001,,83,2020-08-21 19:26,40000
2020,President,polls-plus,8/21/2020,Trump,Biden,,0.000775,0,,84,2020-08-21 19:26,40000
2020,President,polls-plus,8/21/2020,Trump,Biden,,0.00165,0.000025,,85,2020-08-21 19:26,40000
2020,President,polls-plus,8/21/2020,Trump,Biden,,0.0018,0.000025,,86,2020-08-21 19:26,40000
2020,President,polls-plus,8/21/2020,Trump,Biden,,0.00155,0.000025,,87,2020-08-21 19:26,40000
2020,President,polls-plus,8/21/2020,Trump,Biden,,0.0019,0,,88,2020-08-21 19:26,40000
2020,President,polls-plus,8/21/2020,Trump,Biden,,0.001275,0.000025,,89,2020-08-21 19:26,40000
2020,President,polls-plus,8/21/2020,Trump,Biden,,0.001225,0.000125,,90,2020-08-21 19:26,40000
2020,President,polls-plus,8/21/2020,Trump,Biden,,0.00185,0,,91,2020-08-21 19:26,40000
2020,President,polls-plus,8/21/2020,Trump,Biden,,0.00245,0.000025,,92,2020-08-21 19:26,40000
2020,President,polls-plus,8/21/2020,Trump,Biden,,0.001975,0,,93,2020-08-21 19:26,40000
2020,President,polls-plus,8/21/2020,Trump,Biden,,0.002825,0,,94,2020-08-21 19:26,40000
2020,President,polls-plus,8/21/2020,Trump,Biden,,0.0011,0.00005,,95,2020-08-21 19:26,40000
2020,President,polls-plus,8/21/2020,Trump,Biden,,0.001875,0.000075,,96,2020-08-21 19:26,40000
2020,President,polls-plus,8/21/2020,Trump,Biden,,0.002825,0.000025,,97,2020-08-21 19:26,40000
2020,President,polls-plus,8/21/2020,Trump,Biden,,0.001275,0.0001,,98,2020-08-21 19:26,40000
2020,President,polls-plus,8/21/2020,Trump,Biden,,0.0016,0,,99,2020-08-21 19:26,40000
2020,President,polls-plus,8/21/2020,Trump,Biden,,0.00275,0.00005,,100,2020-08-21 19:26,40000
2020,President,polls-plus,8/21/2020,Trump,Biden,,0.001225,0.00005,,101,2020-08-21 19:26,40000
2020,President,polls-plus,8/21/2020,Trump,Biden,,0.002975,0.000025,,102,2020-08-21 19:26,40000
2020,President,polls-plus,8/21/2020,Trump,Biden,,0.00555,0.00005,,103,2020-08-21 19:26,40000
2020,President,polls-plus,8/21/2020,Trump,Biden,,0.0015,0.00005,,104,2020-08-21 19:26,40000
2020,President,polls-plus,8/21/2020,Trump,Biden,,0.001375,0,,105,2020-08-21 19:26,40000
2020,President,polls-plus,8/21/2020,Trump,Biden,,0.003575,0.00005,,106,2020-08-21 19:26,40000
2020,President,polls-plus,8/21/2020,Trump,Biden,,0.0027,0.0001,,107,2020-08-21 19:26,40000
2020,President,polls-plus,8/21/2020,Trump,Biden,,0.002175,0.000025,,108,2020-08-21 19:26,40000
2020,President,polls-plus,8/21/2020,Trump,Biden,,0.0034,0.000075,,109,2020-08-21 19:26,40000
2020,President,polls-plus,8/21/2020,Trump,Biden,,0.00265,0.0001,,110,2020-08-21 19:26,40000
2020,President,polls-plus,8/21/2020,Trump,Biden,,0.00185,0.000075,,111,2020-08-21 19:26,40000
2020,President,polls-plus,8/21/2020,Trump,Biden,,0.004675,0.000025,,112,2020-08-21 19:26,40000
2020,President,polls-plus,8/21/2020,Trump,Biden,,0.004725,0.000025,,113,2020-08-21 19:26,40000
2020,President,polls-plus,8/21/2020,Trump,Biden,,0.00175,0.000125,,114,2020-08-21 19:26,40000
2020,President,polls-plus,8/21/2020,Trump,Biden,,0.0033,0.000125,,115,2020-08-21 19:26,40000
2020,President,polls-plus,8/21/2020,Trump,Biden,,0.00635,0.00005,,116,2020-08-21 19:26,40000
2020,President,polls-plus,8/21/2020,Trump,Biden,,0.0032,0.00005,,117,2020-08-21 19:26,40000
2020,President,polls-plus,8/21/2020,Trump,Biden,,0.001775,0.000225,,118,2020-08-21 19:26,40000
2020,President,polls-plus,8/21/2020,Trump,Biden,,0.00465,0.000075,,119,2020-08-21 19:26,40000
2020,President,polls-plus,8/21/2020,Trump,Biden,,0.00185,0.00005,,120,2020-08-21 19:26,40000
2020,President,polls-plus,8/21/2020,Trump,Biden,,0.00135,0.00005,,121,2020-08-21 19:26,40000
2020,President,polls-plus,8/21/2020,Trump,Biden,,0.01105,0.0001,,122,2020-08-21 19:26,40000
2020,President,polls-plus,8/21/2020,Trump,Biden,,0.0046,0.000025,,123,2020-08-21 19:26,40000
2020,President,polls-plus,8/21/2020,Trump,Biden,,0.0015,0.0001,,124,2020-08-21 19:26,40000
2020,President,polls-plus,8/21/2020,Trump,Biden,,0.018025,0.000125,,125,2020-08-21 19:26,40000
2020,President,polls-plus,8/21/2020,Trump,Biden,,0.011,0.0001,,126,2020-08-21 19:26,40000
2020,President,polls-plus,8/21/2020,Trump,Biden,,0.000875,0.0002,,127,2020-08-21 19:26,40000
2020,President,polls-plus,8/21/2020,Trump,Biden,,0.0022,0,,128,2020-08-21 19:26,40000
2020,President,polls-plus,8/21/2020,Trump,Biden,,0.0024,0.00005,,129,2020-08-21 19:26,40000
2020,President,polls-plus,8/21/2020,Trump,Biden,,0.000975,0.000425,,130,2020-08-21 19:26,40000
2020,President,polls-plus,8/21/2020,Trump,Biden,,0.00295,0.000175,,131,2020-08-21 19:26,40000
2020,President,polls-plus,8/21/2020,Trump,Biden,,0.00765,0.000125,,132,2020-08-21 19:26,40000
2020,President,polls-plus,8/21/2020,Trump,Biden,,0.001,0.00005,,133,2020-08-21 19:26,40000
2020,President,polls-plus,8/21/2020,Trump,Biden,,0.001275,0.00025,,134,2020-08-21 19:26,40000
2020,President,polls-plus,8/21/2020,Trump,Biden,,0.001925,0.00015,,135,2020-08-21 19:26,40000
2020,President,polls-plus,8/21/2020,Trump,Biden,,0.0015,0.000175,,136,2020-08-21 19:26,40000
2020,President,polls-plus,8/21/2020,Trump,Biden,,0.00125,0.000125,,137,2020-08-21 19:26,40000
2020,President,polls-plus,8/21/2020,Trump,Biden,,0.004175,0.000375,,138,2020-08-21 19:26,40000
2020,President,polls-plus,8/21/2020,Trump,Biden,,0.001225,0.00015,,139,2020-08-21 19:26,40000
2020,President,polls-plus,8/21/2020,Trump,Biden,,0.001325,0.00005,,140,2020-08-21 19:26,40000
2020,President,polls-plus,8/21/2020,Trump,Biden,,0.006025,0.0002,,141,2020-08-21 19:26,40000
2020,President,polls-plus,8/21/2020,Trump,Biden,,0.002975,0.000325,,142,2020-08-21 19:26,40000
2020,President,polls-plus,8/21/2020,Trump,Biden,,0.001275,0.0001,,143,2020-08-21 19:26,40000
2020,President,polls-plus,8/21/2020,Trump,Biden,,0.002375,0.000125,,144,2020-08-21 19:26,40000
2020,President,polls-plus,8/21/2020,Trump,Biden,,0.00105,0.0002,,145,2020-08-21 19:26,40000
2020,President,polls-plus,8/21/2020,Trump,Biden,,0.001125,0.000125,,146,2020-08-21 19:26,40000
2020,President,polls-plus,8/21/2020,Trump,Biden,,0.00345,0.000125,,147,2020-08-21 19:26,40000
2020,President,polls-plus,8/21/2020,Trump,Biden,,0.003825,0.000125,,148,2020-08-21 19:26,40000
2020,President,polls-plus,8/21/2020,Trump,Biden,,0.0014,0.00025,,149,2020-08-21 19:26,40000
2020,President,polls-plus,8/21/2020,Trump,Biden,,0.00325,0.000975,,150,2020-08-21 19:26,40000
2020,President,polls-plus,8/21/2020,Trump,Biden,,0.001625,0.000325,,151,2020-08-21 19:26,40000
2020,President,polls-plus,8/21/2020,Trump,Biden,,0.001275,0.000175,,152,2020-08-21 19:26,40000
2020,President,polls-plus,8/21/2020,Trump,Biden,,0.0018,0.0001,,153,2020-08-21 19:26,40000
2020,President,polls-plus,8/21/2020,Trump,Biden,,0.001925,0.000775,,154,2020-08-21 19:26,40000
2020,President,polls-plus,8/21/2020,Trump,Biden,,0.001325,0.00075,,155,2020-08-21 19:26,40000
2020,President,polls-plus,8/21/2020,Trump,Biden,,0.001575,0.000425,,156,2020-08-21 19:26,40000
2020,President,polls-plus,8/21/2020,Trump,Biden,,0.003725,0.000825,,157,2020-08-21 19:26,40000
2020,President,polls-plus,8/21/2020,Trump,Biden,,0.00155,0.0004,,158,2020-08-21 19:26,40000
2020,President,polls-plus,8/21/2020,Trump,Biden,,0.00125,0.00055,,159,2020-08-21 19:26,40000
2020,President,polls-plus,8/21/2020,Trump,Biden,,0.005575,0.000325,,160,2020-08-21 19:26,40000
2020,President,polls-plus,8/21/2020,Trump,Biden,,0.0025,0.0009,,161,2020-08-21 19:26,40000
2020,President,polls-plus,8/21/2020,Trump,Biden,,0.001825,0.000875,,162,2020-08-21 19:26,40000
2020,President,polls-plus,8/21/2020,Trump,Biden,,0.013575,0.00065,,163,2020-08-21 19:26,40000
2020,President,polls-plus,8/21/2020,Trump,Biden,,0.0071,0.000825,,164,2020-08-21 19:26,40000
2020,President,polls-plus,8/21/2020,Trump,Biden,,0.001475,0.0005,,165,2020-08-21 19:26,40000
2020,President,polls-plus,8/21/2020,Trump,Biden,,0.003325,0.00035,,166,2020-08-21 19:26,40000
2020,President,polls-plus,8/21/2020,Trump,Biden,,0.00255,0.0008,,167,2020-08-21 19:26,40000
2020,President,polls-plus,8/21/2020,Trump,Biden,,0.00105,0.001125,,168,2020-08-21 19:26,40000
2020,President,polls-plus,8/21/2020,Trump,Biden,,0.0046,0.00095,,169,2020-08-21 19:26,40000
2020,President,polls-plus,8/21/2020,Trump,Biden,,0.0095,0.000275,,170,2020-08-21 19:26,40000
2020,President,polls-plus,8/21/2020,Trump,Biden,,0.00215,0.000825,,171,2020-08-21 19:26,40000
2020,President,polls-plus,8/21/2020,Trump,Biden,,0.001175,0.000675,,172,2020-08-21 19:26,40000
2020,President,polls-plus,8/21/2020,Trump,Biden,,0.002575,0.0005,,173,2020-08-21 19:26,40000
2020,President,polls-plus,8/21/2020,Trump,Biden,,0.002875,0.00075,,174,2020-08-21 19:26,40000
2020,President,polls-plus,8/21/2020,Trump,Biden,,0.002175,0.00455,,175,2020-08-21 19:26,40000
2020,President,polls-plus,8/21/2020,Trump,Biden,,0.00495,0.004575,,176,2020-08-21 19:26,40000
2020,President,polls-plus,8/21/2020,Trump,Biden,,0.002525,0.000375,,177,2020-08-21 19:26,40000
2020,President,polls-plus,8/21/2020,Trump,Biden,,0.00245,0.0006,,178,2020-08-21 19:26,40000
2020,President,polls-plus,8/21/2020,Trump,Biden,,0.0125,0.00055,,179,2020-08-21 19:26,40000
2020,President,polls-plus,8/21/2020,Trump,Biden,,0.006625,0.0014,,180,2020-08-21 19:26,40000
2020,President,polls-plus,8/21/2020,Trump,Biden,,0.004275,0.00195,,181,2020-08-21 19:26,40000
2020,President,polls-plus,8/21/2020,Trump,Biden,,0.003425,0.002125,,182,2020-08-21 19:26,40000
2020,President,polls-plus,8/21/2020,Trump,Biden,,0.002175,0.005,,183,2020-08-21 19:26,40000
2020,President,polls-plus,8/21/2020,Trump,Biden,,0.001575,0.00065,,184,2020-08-21 19:26,40000
2020,President,polls-plus,8/21/2020,Trump,Biden,,0.0095,0.001325,,185,2020-08-21 19:26,40000
2020,President,polls-plus,8/21/2020,Trump,Biden,,0.013475,0.00045,,186,2020-08-21 19:26,40000
2020,President,polls-plus,8/21/2020,Trump,Biden,,0.00365,0.001325,,187,2020-08-21 19:26,40000
2020,President,polls-plus,8/21/2020,Trump,Biden,,0.0051,0.005325,,188,2020-08-21 19:26,40000
2020,President,polls-plus,8/21/2020,Trump,Biden,,0.0025,0.004,,189,2020-08-21 19:26,40000
2020,President,polls-plus,8/21/2020,Trump,Biden,,0.00325,0.0013,,190,2020-08-21 19:26,40000
2020,President,polls-plus,8/21/2020,Trump,Biden,,0.00315,0.000925,,191,2020-08-21 19:26,40000
2020,President,polls-plus,8/21/2020,Trump,Biden,,0.001975,0.0012,,192,2020-08-21 19:26,40000
2020,President,polls-plus,8/21/2020,Trump,Biden,,0.00195,0.00135,,193,2020-08-21 19:26,40000
2020,President,polls-plus,8/21/2020,Trump,Biden,,0.005075,0.003875,,194,2020-08-21 19:26,40000
2020,President,polls-plus,8/21/2020,Trump,Biden,,0.00425,0.001275,,195,2020-08-21 19:26,40000
2020,President,polls-plus,8/21/2020,Trump,Biden,,0.004525,0.005825,,196,2020-08-21 19:26,40000
2020,President,polls-plus,8/21/2020,Trump,Biden,,0.0057,0.002375,,197,2020-08-21 19:26,40000
2020,President,polls-plus,8/21/2020,Trump,Biden,,0.00355,0.002125,,198,2020-08-21 19:26,40000
2020,President,polls-plus,8/21/2020,Trump,Biden,,0.00305,0.001875,,199,2020-08-21 19:26,40000
2020,President,polls-plus,8/21/2020,Trump,Biden,,0.00485,0.001925,,200,2020-08-21 19:26,40000
2020,President,polls-plus,8/21/2020,Trump,Biden,,0.0114,0.0068,,201,2020-08-21 19:26,40000
2020,President,polls-plus,8/21/2020,Trump,Biden,,0.003275,0.001575,,202,2020-08-21 19:26,40000
2020,President,polls-plus,8/21/2020,Trump,Biden,,0.004625,0.003325,,203,2020-08-21 19:26,40000
2020,President,polls-plus,8/21/2020,Trump,Biden,,0.01055,0.001175,,204,2020-08-21 19:26,40000
2020,President,polls-plus,8/21/2020,Trump,Biden,,0.005575,0.0034,,205,2020-08-21 19:26,40000
2020,President,polls-plus,8/21/2020,Trump,Biden,,0.001575,0.0012,,206,2020-08-21 19:26,40000
2020,President,polls-plus,8/21/2020,Trump,Biden,,0.0014,0.00265,,207,2020-08-21 19:26,40000
2020,President,polls-plus,8/21/2020,Trump,Biden,,0.0021,0.000725,,208,2020-08-21 19:26,40000
2020,President,polls-plus,8/21/2020,Trump,Biden,,0.00215,0.001975,,209,2020-08-21 19:26,40000
2020,President,polls-plus,8/21/2020,Trump,Biden,,0.002,0.009125,,210,2020-08-21 19:26,40000
2020,President,polls-plus,8/21/2020,Trump,Biden,,0.00285,0.0018,,211,2020-08-21 19:26,40000
2020,President,polls-plus,8/21/2020,Trump,Biden,,0.00515,0.005275,,212,2020-08-21 19:26,40000
2020,President,polls-plus,8/21/2020,Trump,Biden,,0.003525,0.001275,,213,2020-08-21 19:26,40000
2020,President,polls-plus,8/21/2020,Trump,Biden,,0.0038,0.001325,,214,2020-08-21 19:26,40000
2020,President,polls-plus,8/21/2020,Trump,Biden,,0.00765,0.0015,,215,2020-08-21 19:26,40000
2020,President,polls-plus,8/21/2020,Trump,Biden,,0.00505,0.00575,,216,2020-08-21 19:26,40000
2020,President,polls-plus,8/21/2020,Trump,Biden,,0.001575,0.002925,,217,2020-08-21 19:26,40000
2020,President,polls-plus,8/21/2020,Trump,Biden,,0.00335,0.00285,,218,2020-08-21 19:26,40000
2020,President,polls-plus,8/21/2020,Trump,Biden,,0.02215,0.002075,,219,2020-08-21 19:26,40000
2020,President,polls-plus,8/21/2020,Trump,Biden,,0.0115,0.001725,,220,2020-08-21 19:26,40000
2020,President,polls-plus,8/21/2020,Trump,Biden,,0.002375,0.00195,,221,2020-08-21 19:26,40000
2020,President,polls-plus,8/21/2020,Trump,Biden,,0.00215,0.002375,,222,2020-08-21 19:26,40000
2020,President,polls-plus,8/21/2020,Trump,Biden,,0.003375,0.0023,,223,2020-08-21 19:26,40000
2020,President,polls-plus,8/21/2020,Trump,Biden,,0.00435,0.0009,,224,2020-08-21 19:26,40000
2020,President,polls-plus,8/21/2020,Trump,Biden,,0.0035,0.0015,,225,2020-08-21 19:26,40000
2020,President,polls-plus,8/21/2020,Trump,Biden,,0.0031,0.006625,,226,2020-08-21 19:26,40000
2020,President,polls-plus,8/21/2020,Trump,Biden,,0.001925,0.002375,,227,2020-08-21 19:26,40000
2020,President,polls-plus,8/21/2020,Trump,Biden,,0.001525,0.0047,,228,2020-08-21 19:26,40000
2020,President,polls-plus,8/21/2020,Trump,Biden,,0.003925,0.0016,,229,2020-08-21 19:26,40000
2020,President,polls-plus,8/21/2020,Trump,Biden,,0.014275,0.0016,,230,2020-08-21 19:26,40000
2020,President,polls-plus,8/21/2020,Trump,Biden,,0.009025,0.00105,,231,2020-08-21 19:26,40000
2020,President,polls-plus,8/21/2020,Trump,Biden,,0.001625,0.006825,,232,2020-08-21 19:26,40000
2020,President,polls-plus,8/21/2020,Trump,Biden,,0.001925,0.001725,,233,2020-08-21 19:26,40000
2020,President,polls-plus,8/21/2020,Trump,Biden,,0.003025,0.004025,,234,2020-08-21 19:26,40000
2020,President,polls-plus,8/21/2020,Trump,Biden,,0.0034,0.00125,,235,2020-08-21 19:26,40000
2020,President,polls-plus,8/21/2020,Trump,Biden,,0.003075,0.003125,,236,2020-08-21 19:26,40000
2020,President,polls-plus,8/21/2020,Trump,Biden,,0.00225,0.00215,,237,2020-08-21 19:26,40000
2020,President,polls-plus,8/21/2020,Trump,Biden,,0.001475,0.004375,,238,2020-08-21 19:26,40000
2020,President,polls-plus,8/21/2020,Trump,Biden,,0.002075,0.001975,,239,2020-08-21 19:26,40000
2020,President,polls-plus,8/21/2020,Trump,Biden,,0.00545,0.001175,,240,2020-08-21 19:26,40000
2020,President,polls-plus,8/21/2020,Trump,Biden,,0.00515,0.00085,,241,2020-08-21 19:26,40000
2020,President,polls-plus,8/21/2020,Trump,Biden,,0.00215,0.004475,,242,2020-08-21 19:26,40000
2020,President,polls-plus,8/21/2020,Trump,Biden,,0.0019,0.003025,,243,2020-08-21 19:26,40000
2020,President,polls-plus,8/21/2020,Trump,Biden,,0.003425,0.0031,,244,2020-08-21 19:26,40000
2020,President,polls-plus,8/21/2020,Trump,Biden,,0.004225,0.00235,,245,2020-08-21 19:26,40000
2020,President,polls-plus,8/21/2020,Trump,Biden,,0.0033,0.0021,,246,2020-08-21 19:26,40000
2020,President,polls-plus,8/21/2020,Trump,Biden,,0.002925,0.00195,,247,2020-08-21 19:26,40000
2020,President,polls-plus,8/21/2020,Trump,Biden,,0.004125,0.004525,,248,2020-08-21 19:26,40000
2020,President,polls-plus,8/21/2020,Trump,Biden,,0.003375,0.002125,,249,2020-08-21 19:26,40000
2020,President,polls-plus,8/21/2020,Trump,Biden,,0.003175,0.00095,,250,2020-08-21 19:26,40000
2020,President,polls-plus,8/21/2020,Trump,Biden,,0.003275,0.000925,,251,2020-08-21 19:26,40000
2020,President,polls-plus,8/21/2020,Trump,Biden,,0.001775,0.0035,,252,2020-08-21 19:26,40000
2020,President,polls-plus,8/21/2020,Trump,Biden,,0.001725,0.003125,,253,2020-08-21 19:26,40000
2020,President,polls-plus,8/21/2020,Trump,Biden,,0.0022,0.003075,,254,2020-08-21 19:26,40000
2020,President,polls-plus,8/21/2020,Trump,Biden,,0.00275,0.0025,,255,2020-08-21 19:26,40000
2020,President,polls-plus,8/21/2020,Trump,Biden,,0.0031,0.00175,,256,2020-08-21 19:26,40000
2020,President,polls-plus,8/21/2020,Trump,Biden,,0.001925,0.0015,,257,2020-08-21 19:26,40000
2020,President,polls-plus,8/21/2020,Trump,Biden,,0.0028,0.005575,,258,2020-08-21 19:26,40000
2020,President,polls-plus,8/21/2020,Trump,Biden,,0.009925,0.003375,,259,2020-08-21 19:26,40000
2020,President,polls-plus,8/21/2020,Trump,Biden,,0.009125,0.00105,,260,2020-08-21 19:26,40000
2020,President,polls-plus,8/21/2020,Trump,Biden,,0.001825,0.00215,,261,2020-08-21 19:26,40000
2020,President,polls-plus,8/21/2020,Trump,Biden,,0.001325,0.0035,,262,2020-08-21 19:26,40000
2020,President,polls-plus,8/21/2020,Trump,Biden,,0.002425,0.00345,,263,2020-08-21 19:26,40000
2020,President,polls-plus,8/21/2020,Trump,Biden,,0.002975,0.00265,,264,2020-08-21 19:26,40000
2020,President,polls-plus,8/21/2020,Trump,Biden,,0.004425,0.002125,,265,2020-08-21 19:26,40000
2020,President,polls-plus,8/21/2020,Trump,Biden,,0.004925,0.001525,,266,2020-08-21 19:26,40000
2020,President,polls-plus,8/21/2020,Trump,Biden,,0.001925,0.002025,,267,2020-08-21 19:26,40000
2020,President,polls-plus,8/21/2020,Trump,Biden,,0.0016,0.004875,,268,2020-08-21 19:26,40000
2020,President,polls-plus,8/21/2020,Trump,Biden,,0.003675,0.003675,,269,2020-08-21 19:26,40000
2020,President,polls-plus,8/21/2020,Trump,Biden,,0.004875,0.0016,,270,2020-08-21 19:26,40000
2020,President,polls-plus,8/21/2020,Trump,Biden,,0.002025,0.001925,,271,2020-08-21 19:26,40000
2020,President,polls-plus,8/21/2020,Trump,Biden,,0.001525,0.004925,,272,2020-08-21 19:26,40000
2020,President,polls-plus,8/21/2020,Trump,Biden,,0.002125,0.004425,,273,2020-08-21 19:26,40000
2020,President,polls-plus,8/21/2020,Trump,Biden,,0.00265,0.002975,,274,2020-08-21 19:26,40000
2020,President,polls-plus,8/21/2020,Trump,Biden,,0.00345,0.002425,,275,2020-08-21 19:26,40000
2020,President,polls-plus,8/21/2020,Trump,Biden,,0.0035,0.001325,,276,2020-08-21 19:26,40000
2020,President,polls-plus,8/21/2020,Trump,Biden,,0.00215,0.001825,,277,2020-08-21 19:26,40000
2020,President,polls-plus,8/21/2020,Trump,Biden,,0.00105,0.009125,,278,2020-08-21 19:26,40000
2020,President,polls-plus,8/21/2020,Trump,Biden,,0.003375,0.009925,,279,2020-08-21 19:26,40000
2020,President,polls-plus,8/21/2020,Trump,Biden,,0.005575,0.0028,,280,2020-08-21 19:26,40000
2020,President,polls-plus,8/21/2020,Trump,Biden,,0.0015,0.001925,,281,2020-08-21 19:26,40000
2020,President,polls-plus,8/21/2020,Trump,Biden,,0.00175,0.0031,,282,2020-08-21 19:26,40000
2020,President,polls-plus,8/21/2020,Trump,Biden,,0.0025,0.00275,,283,2020-08-21 19:26,40000
2020,President,polls-plus,8/21/2020,Trump,Biden,,0.003075,0.0022,,284,2020-08-21 19:26,40000
2020,President,polls-plus,8/21/2020,Trump,Biden,,0.003125,0.001725,,285,2020-08-21 19:26,40000
2020,President,polls-plus,8/21/2020,Trump,Biden,,0.0035,0.001775,,286,2020-08-21 19:26,40000
2020,President,polls-plus,8/21/2020,Trump,Biden,,0.000925,0.003275,,287,2020-08-21 19:26,40000
2020,President,polls-plus,8/21/2020,Trump,Biden,,0.00095,0.003175,,288,2020-08-21 19:26,40000
2020,President,polls-plus,8/21/2020,Trump,Biden,,0.002125,0.003375,,289,2020-08-21 19:26,40000
2020,President,polls-plus,8/21/2020,Trump,Biden,,0.004525,0.004125,,290,2020-08-21 19:26,40000
2020,President,polls-plus,8/21/2020,Trump,Biden,,0.00195,0.002925,,291,2020-08-21 19:26,40000
2020,President,polls-plus,8/21/2020,Trump,Biden,,0.0021,0.0033,,292,2020-08-21 19:26,40000
2020,President,polls-plus,8/21/2020,Trump,Biden,,0.00235,0.004225,,293,2020-08-21 19:26,40000
2020,President,polls-plus,8/21/2020,Trump,Biden,,0.0031,0.003425,,294,2020-08-21 19:26,40000
2020,President,polls-plus,8/21/2020,Trump,Biden,,0.003025,0.0019,,295,2020-08-21 19:26,40000
2020,President,polls-plus,8/21/2020,Trump,Biden,,0.004475,0.00215,,296,2020-08-21 19:26,40000
2020,President,polls-plus,8/21/2020,Trump,Biden,,0.00085,0.00515,,297,2020-08-21 19:26,40000
2020,President,polls-plus,8/21/2020,Trump,Biden,,0.001175,0.00545,,298,2020-08-21 19:26,40000
2020,President,polls-plus,8/21/2020,Trump,Biden,,0.001975,0.002075,,299,2020-08-21 19:26,40000
2020,President,polls-plus,8/21/2020,Trump,Biden,,0.004375,0.001475,,300,2020-08-21 19:26,40000
2020,President,polls-plus,8/21/2020,Trump,Biden,,0.00215,0.00225,,301,2020-08-21 19:26,40000
2020,President,polls-plus,8/21/2020,Trump,Biden,,0.003125,0.003075,,302,2020-08-21 19:26,40000
2020,President,polls-plus,8/21/2020,Trump,Biden,,0.00125,0.0034,,303,2020-08-21 19:26,40000
2020,President,polls-plus,8/21/2020,Trump,Biden,,0.004025,0.003025,,304,2020-08-21 19:26,40000
2020,President,polls-plus,8/21/2020,Trump,Biden,,0.001725,0.001925,,305,2020-08-21 19:26,40000
2020,President,polls-plus,8/21/2020,Trump,Biden,,0.006825,0.001625,,306,2020-08-21 19:26,40000
2020,President,polls-plus,8/21/2020,Trump,Biden,,0.00105,0.009025,,307,2020-08-21 19:26,40000
2020,President,polls-plus,8/21/2020,Trump,Biden,,0.0016,0.014275,,308,2020-08-21 19:26,40000
2020,President,polls-plus,8/21/2020,Trump,Biden,,0.0016,0.003925,,309,2020-08-21 19:26,40000
2020,President,polls-plus,8/21/2020,Trump,Biden,,0.0047,0.001525,,310,2020-08-21 19:26,40000
2020,President,polls-plus,8/21/2020,Trump,Biden,,0.002375,0.001925,,311,2020-08-21 19:26,40000
2020,President,polls-plus,8/21/2020,Trump,Biden,,0.006625,0.0031,,312,2020-08-21 19:26,40000
2020,President,polls-plus,8/21/2020,Trump,Biden,,0.0015,0.0035,,313,2020-08-21 19:26,40000
2020,President,polls-plus,8/21/2020,Trump,Biden,,0.0009,0.00435,,314,2020-08-21 19:26,40000
2020,President,polls-plus,8/21/2020,Trump,Biden,,0.0023,0.003375,,315,2020-08-21 19:26,40000
2020,President,polls-plus,8/21/2020,Trump,Biden,,0.002375,0.00215,,316,2020-08-21 19:26,40000
2020,President,polls-plus,8/21/2020,Trump,Biden,,0.00195,0.002375,,317,2020-08-21 19:26,40000
2020,President,polls-plus,8/21/2020,Trump,Biden,,0.001725,0.0115,,318,2020-08-21 19:26,40000
2020,President,polls-plus,8/21/2020,Trump,Biden,,0.002075,0.02215,,319,2020-08-21 19:26,40000
2020,President,polls-plus,8/21/2020,Trump,Biden,,0.00285,0.00335,,320,2020-08-21 19:26,40000
2020,President,polls-plus,8/21/2020,Trump,Biden,,0.002925,0.001575,,321,2020-08-21 19:26,40000
2020,President,polls-plus,8/21/2020,Trump,Biden,,0.00575,0.00505,,322,2020-08-21 19:26,40000
2020,President,polls-plus,8/21/2020,Trump,Biden,,0.0015,0.00765,,323,2020-08-21 19:26,40000
2020,President,polls-plus,8/21/2020,Trump,Biden,,0.001325,0.0038,,324,2020-08-21 19:26,40000
2020,President,polls-plus,8/21/2020,Trump,Biden,,0.001275,0.003525,,325,2020-08-21 19:26,40000
2020,President,polls-plus,8/21/2020,Trump,Biden,,0.005275,0.00515,,326,2020-08-21 19:26,40000
2020,President,polls-plus,8/21/2020,Trump,Biden,,0.0018,0.00285,,327,2020-08-21 19:26,40000
2020,President,polls-plus,8/21/2020,Trump,Biden,,0.009125,0.002,,328,2020-08-21 19:26,40000
2020,President,polls-plus,8/21/2020,Trump,Biden,,0.001975,0.00215,,329,2020-08-21 19:26,40000
2020,President,polls-plus,8/21/2020,Trump,Biden,,0.000725,0.0021,,330,2020-08-21 19:26,40000
2020,President,polls-plus,8/21/2020,Trump,Biden,,0.00265,0.0014,,331,2020-08-21 19:26,40000
2020,President,polls-plus,8/21/2020,Trump,Biden,,0.0012,0.001575,,332,2020-08-21 19:26,40000
2020,President,polls-plus,8/21/2020,Trump,Biden,,0.0034,0.005575,,333,2020-08-21 19:26,40000
2020,President,polls-plus,8/21/2020,Trump,Biden,,0.001175,0.01055,,334,2020-08-21 19:26,40000
2020,President,polls-plus,8/21/2020,Trump,Biden,,0.003325,0.004625,,335,2020-08-21 19:26,40000
2020,President,polls-plus,8/21/2020,Trump,Biden,,0.001575,0.003275,,336,2020-08-21 19:26,40000
2020,President,polls-plus,8/21/2020,Trump,Biden,,0.0068,0.0114,,337,2020-08-21 19:26,40000
2020,President,polls-plus,8/21/2020,Trump,Biden,,0.001925,0.00485,,338,2020-08-21 19:26,40000
2020,President,polls-plus,8/21/2020,Trump,Biden,,0.001875,0.00305,,339,2020-08-21 19:26,40000
2020,President,polls-plus,8/21/2020,Trump,Biden,,0.002125,0.00355,,340,2020-08-21 19:26,40000
2020,President,polls-plus,8/21/2020,Trump,Biden,,0.002375,0.0057,,341,2020-08-21 19:26,40000
2020,President,polls-plus,8/21/2020,Trump,Biden,,0.005825,0.004525,,342,2020-08-21 19:26,40000
2020,President,polls-plus,8/21/2020,Trump,Biden,,0.001275,0.00425,,343,2020-08-21 19:26,40000
2020,President,polls-plus,8/21/2020,Trump,Biden,,0.003875,0.005075,,344,2020-08-21 19:26,40000
2020,President,polls-plus,8/21/2020,Trump,Biden,,0.00135,0.00195,,345,2020-08-21 19:26,40000
2020,President,polls-plus,8/21/2020,Trump,Biden,,0.0012,0.001975,,346,2020-08-21 19:26,40000
2020,President,polls-plus,8/21/2020,Trump,Biden,,0.000925,0.00315,,347,2020-08-21 19:26,40000
2020,President,polls-plus,8/21/2020,Trump,Biden,,0.0013,0.00325,,348,2020-08-21 19:26,40000
2020,President,polls-plus,8/21/2020,Trump,Biden,,0.004,0.0025,,349,2020-08-21 19:26,40000
2020,President,polls-plus,8/21/2020,Trump,Biden,,0.005325,0.0051,,350,2020-08-21 19:26,40000
2020,President,polls-plus,8/21/2020,Trump,Biden,,0.001325,0.00365,,351,2020-08-21 19:26,40000
2020,President,polls-plus,8/21/2020,Trump,Biden,,0.00045,0.013475,,352,2020-08-21 19:26,40000
2020,President,polls-plus,8/21/2020,Trump,Biden,,0.001325,0.0095,,353,2020-08-21 19:26,40000
2020,President,polls-plus,8/21/2020,Trump,Biden,,0.00065,0.001575,,354,2020-08-21 19:26,40000
2020,President,polls-plus,8/21/2020,Trump,Biden,,0.005,0.002175,,355,2020-08-21 19:26,40000
2020,President,polls-plus,8/21/2020,Trump,Biden,,0.002125,0.003425,,356,2020-08-21 19:26,40000
2020,President,polls-plus,8/21/2020,Trump,Biden,,0.00195,0.004275,,357,2020-08-21 19:26,40000
2020,President,polls-plus,8/21/2020,Trump,Biden,,0.0014,0.006625,,358,2020-08-21 19:26,40000
2020,President,polls-plus,8/21/2020,Trump,Biden,,0.00055,0.0125,,359,2020-08-21 19:26,40000
2020,President,polls-plus,8/21/2020,Trump,Biden,,0.0006,0.00245,,360,2020-08-21 19:26,40000
2020,President,polls-plus,8/21/2020,Trump,Biden,,0.000375,0.002525,,361,2020-08-21 19:26,40000
2020,President,polls-plus,8/21/2020,Trump,Biden,,0.004575,0.00495,,362,2020-08-21 19:26,40000
2020,President,polls-plus,8/21/2020,Trump,Biden,,0.00455,0.002175,,363,2020-08-21 19:26,40000
2020,President,polls-plus,8/21/2020,Trump,Biden,,0.00075,0.002875,,364,2020-08-21 19:26,40000
2020,President,polls-plus,8/21/2020,Trump,Biden,,0.0005,0.002575,,365,2020-08-21 19:26,40000
2020,President,polls-plus,8/21/2020,Trump,Biden,,0.000675,0.001175,,366,2020-08-21 19:26,40000
2020,President,polls-plus,8/21/2020,Trump,Biden,,0.000825,0.00215,,367,2020-08-21 19:26,40000
2020,President,polls-plus,8/21/2020,Trump,Biden,,0.000275,0.0095,,368,2020-08-21 19:26,40000
2020,President,polls-plus,8/21/2020,Trump,Biden,,0.00095,0.0046,,369,2020-08-21 19:26,40000
2020,President,polls-plus,8/21/2020,Trump,Biden,,0.001125,0.00105,,370,2020-08-21 19:26,40000
2020,President,polls-plus,8/21/2020,Trump,Biden,,0.0008,0.00255,,371,2020-08-21 19:26,40000
2020,President,polls-plus,8/21/2020,Trump,Biden,,0.00035,0.003325,,372,2020-08-21 19:26,40000
2020,President,polls-plus,8/21/2020,Trump,Biden,,0.0005,0.001475,,373,2020-08-21 19:26,40000
2020,President,polls-plus,8/21/2020,Trump,Biden,,0.000825,0.0071,,374,2020-08-21 19:26,40000
2020,President,polls-plus,8/21/2020,Trump,Biden,,0.00065,0.013575,,375,2020-08-21 19:26,40000
2020,President,polls-plus,8/21/2020,Trump,Biden,,0.000875,0.001825,,376,2020-08-21 19:26,40000
2020,President,polls-plus,8/21/2020,Trump,Biden,,0.0009,0.0025,,377,2020-08-21 19:26,40000
2020,President,polls-plus,8/21/2020,Trump,Biden,,0.000325,0.005575,,378,2020-08-21 19:26,40000
2020,President,polls-plus,8/21/2020,Trump,Biden,,0.00055,0.00125,,379,2020-08-21 19:26,40000
2020,President,polls-plus,8/21/2020,Trump,Biden,,0.0004,0.00155,,380,2020-08-21 19:26,40000
2020,President,polls-plus,8/21/2020,Trump,Biden,,0.000825,0.003725,,381,2020-08-21 19:26,40000
2020,President,polls-plus,8/21/2020,Trump,Biden,,0.000425,0.001575,,382,2020-08-21 19:26,40000
2020,President,polls-plus,8/21/2020,Trump,Biden,,0.00075,0.001325,,383,2020-08-21 19:26,40000
2020,President,polls-plus,8/21/2020,Trump,Biden,,0.000775,0.001925,,384,2020-08-21 19:26,40000
2020,President,polls-plus,8/21/2020,Trump,Biden,,0.0001,0.0018,,385,2020-08-21 19:26,40000
2020,President,polls-plus,8/21/2020,Trump,Biden,,0.000175,0.001275,,386,2020-08-21 19:26,40000
2020,President,polls-plus,8/21/2020,Trump,Biden,,0.000325,0.001625,,387,2020-08-21 19:26,40000
2020,President,polls-plus,8/21/2020,Trump,Biden,,0.000975,0.00325,,388,2020-08-21 19:26,40000
2020,President,polls-plus,8/21/2020,Trump,Biden,,0.00025,0.0014,,389,2020-08-21 19:26,40000
2020,President,polls-plus,8/21/2020,Trump,Biden,,0.000125,0.003825,,390,2020-08-21 19:26,40000
2020,President,polls-plus,8/21/2020,Trump,Biden,,0.000125,0.00345,,391,2020-08-21 19:26,40000
2020,President,polls-plus,8/21/2020,Trump,Biden,,0.000125,0.001125,,392,2020-08-21 19:26,40000
2020,President,polls-plus,8/21/2020,Trump,Biden,,0.0002,0.00105,,393,2020-08-21 19:26,40000
2020,President,polls-plus,8/21/2020,Trump,Biden,,0.000125,0.002375,,394,2020-08-21 19:26,40000
2020,President,polls-plus,8/21/2020,Trump,Biden,,0.0001,0.001275,,395,2020-08-21 19:26,40000
2020,President,polls-plus,8/21/2020,Trump,Biden,,0.000325,0.002975,,396,2020-08-21 19:26,40000
2020,President,polls-plus,8/21/2020,Trump,Biden,,0.0002,0.006025,,397,2020-08-21 19:26,40000
2020,President,polls-plus,8/21/2020,Trump,Biden,,0.00005,0.001325,,398,2020-08-21 19:26,40000
2020,President,polls-plus,8/21/2020,Trump,Biden,,0.00015,0.001225,,399,2020-08-21 19:26,40000
2020,President,polls-plus,8/21/2020,Trump,Biden,,0.000375,0.004175,,400,2020-08-21 19:26,40000
2020,President,polls-plus,8/21/2020,Trump,Biden,,0.000125,0.00125,,401,2020-08-21 19:26,40000
2020,President,polls-plus,8/21/2020,Trump,Biden,,0.000175,0.0015,,402,2020-08-21 19:26,40000
2020,President,polls-plus,8/21/2020,Trump,Biden,,0.00015,0.001925,,403,2020-08-21 19:26,40000
2020,President,polls-plus,8/21/2020,Trump,Biden,,0.00025,0.001275,,404,2020-08-21 19:26,40000
2020,President,polls-plus,8/21/2020,Trump,Biden,,0.00005,0.001,,405,2020-08-21 19:26,40000
2020,President,polls-plus,8/21/2020,Trump,Biden,,0.000125,0.00765,,406,2020-08-21 19:26,40000
2020,President,polls-plus,8/21/2020,Trump,Biden,,0.000175,0.00295,,407,2020-08-21 19:26,40000
2020,President,polls-plus,8/21/2020,Trump,Biden,,0.000425,0.000975,,408,2020-08-21 19:26,40000
2020,President,polls-plus,8/21/2020,Trump,Biden,,0.00005,0.0024,,409,2020-08-21 19:26,40000
2020,President,polls-plus,8/21/2020,Trump,Biden,,0,0.0022,,410,2020-08-21 19:26,40000
2020,President,polls-plus,8/21/2020,Trump,Biden,,0.0002,0.000875,,411,2020-08-21 19:26,40000
2020,President,polls-plus,8/21/2020,Trump,Biden,,0.0001,0.011,,412,2020-08-21 19:26,40000
2020,President,polls-plus,8/21/2020,Trump,Biden,,0.000125,0.018025,,413,2020-08-21 19:26,40000
2020,President,polls-plus,8/21/2020,Trump,Biden,,0.0001,0.0015,,414,2020-08-21 19:26,40000
2020,President,polls-plus,8/21/2020,Trump,Biden,,0.000025,0.0046,,415,2020-08-21 19:26,40000
2020,President,polls-plus,8/21/2020,Trump,Biden,,0.0001,0.01105,,416,2020-08-21 19:26,40000
2020,President,polls-plus,8/21/2020,Trump,Biden,,0.00005,0.00135,,417,2020-08-21 19:26,40000
2020,President,polls-plus,8/21/2020,Trump,Biden,,0.00005,0.00185,,418,2020-08-21 19:26,40000
2020,President,polls-plus,8/21/2020,Trump,Biden,,0.000075,0.00465,,419,2020-08-21 19:26,40000
2020,President,polls-plus,8/21/2020,Trump,Biden,,0.000225,0.001775,,420,2020-08-21 19:26,40000
2020,President,polls-plus,8/21/2020,Trump,Biden,,0.00005,0.0032,,421,2020-08-21 19:26,40000
2020,President,polls-plus,8/21/2020,Trump,Biden,,0.00005,0.00635,,422,2020-08-21 19:26,40000
2020,President,polls-plus,8/21/2020,Trump,Biden,,0.000125,0.0033,,423,2020-08-21 19:26,40000
2020,President,polls-plus,8/21/2020,Trump,Biden,,0.000125,0.00175,,424,2020-08-21 19:26,40000
2020,President,polls-plus,8/21/2020,Trump,Biden,,0.000025,0.004725,,425,2020-08-21 19:26,40000
2020,President,polls-plus,8/21/2020,Trump,Biden,,0.000025,0.004675,,426,2020-08-21 19:26,40000
2020,President,polls-plus,8/21/2020,Trump,Biden,,0.000075,0.00185,,427,2020-08-21 19:26,40000
2020,President,polls-plus,8/21/2020,Trump,Biden,,0.0001,0.00265,,428,2020-08-21 19:26,40000
2020,President,polls-plus,8/21/2020,Trump,Biden,,0.000075,0.0034,,429,2020-08-21 19:26,40000
2020,President,polls-plus,8/21/2020,Trump,Biden,,0.000025,0.002175,,430,2020-08-21 19:26,40000
2020,President,polls-plus,8/21/2020,Trump,Biden,,0.0001,0.0027,,431,2020-08-21 19:26,40000
2020,President,polls-plus,8/21/2020,Trump,Biden,,0.00005,0.003575,,432,2020-08-21 19:26,40000
2020,President,polls-plus,8/21/2020,Trump,Biden,,0,0.001375,,433,2020-08-21 19:26,40000
2020,President,polls-plus,8/21/2020,Trump,Biden,,0.00005,0.0015,,434,2020-08-21 19:26,40000
2020,President,polls-plus,8/21/2020,Trump,Biden,,0.00005,0.00555,,435,2020-08-21 19:26,40000
2020,President,polls-plus,8/21/2020,Trump,Biden,,0.000025,0.002975,,436,2020-08-21 19:26,40000
2020,President,polls-plus,8/21/2020,Trump,Biden,,0.00005,0.001225,,437,2020-08-21 19:26,40000
2020,President,polls-plus,8/21/2020,Trump,Biden,,0.00005,0.00275,,438,2020-08-21 19:26,40000
2020,President,polls-plus,8/21/2020,Trump,Biden,,0,0.0016,,439,2020-08-21 19:26,40000
2020,President,polls-plus,8/21/2020,Trump,Biden,,0.0001,0.001275,,440,2020-08-21 19:26,40000
2020,President,polls-plus,8/21/2020,Trump,Biden,,0.000025,0.002825,,441,2020-08-21 19:26,40000
2020,President,polls-plus,8/21/2020,Trump,Biden,,0.000075,0.001875,,442,2020-08-21 19:26,40000
2020,President,polls-plus,8/21/2020,Trump,Biden,,0.00005,0.0011,,443,2020-08-21 19:26,40000
2020,President,polls-plus,8/21/2020,Trump,Biden,,0,0.002825,,444,2020-08-21 19:26,40000
2020,President,polls-plus,8/21/2020,Trump,Biden,,0,0.001975,,445,2020-08-21 19:26,40000
2020,President,polls-plus,8/21/2020,Trump,Biden,,0.000025,0.00245,,446,2020-08-21 19:26,40000
2020,President,polls-plus,8/21/2020,Trump,Biden,,0,0.00185,,447,2020-08-21 19:26,40000
2020,President,polls-plus,8/21/2020,Trump,Biden,,0.000125,0.001225,,448,2020-08-21 19:26,40000
2020,President,polls-plus,8/21/2020,Trump,Biden,,0.000025,0.001275,,449,2020-08-21 19:26,40000
2020,President,polls-plus,8/21/2020,Trump,Biden,,0,0.0019,,450,2020-08-21 19:26,40000
2020,President,polls-plus,8/21/2020,Trump,Biden,,0.000025,0.00155,,451,2020-08-21 19:26,40000
2020,President,polls-plus,8/21/2020,Trump,Biden,,0.000025,0.0018,,452,2020-08-21 19:26,40000
2020,President,polls-plus,8/21/2020,Trump,Biden,,0.000025,0.00165,,453,2020-08-21 19:26,40000
2020,President,polls-plus,8/21/2020,Trump,Biden,,0,0.000775,,454,2020-08-21 19:26,40000
2020,President,polls-plus,8/21/2020,Trump,Biden,,0.0001,0.00175,,455,2020-08-21 19:26,40000
2020,President,polls-plus,8/21/2020,Trump,Biden,,0.000075,0.00205,,456,2020-08-21 19:26,40000
2020,President,polls-plus,8/21/2020,Trump,Biden,,0,0.001275,,457,2020-08-21 19:26,40000
2020,President,polls-plus,8/21/2020,Trump,Biden,,0,0.001575,,458,2020-08-21 19:26,40000
2020,President,polls-plus,8/21/2020,Trump,Biden,,0.000025,0.0007,,459,2020-08-21 19:26,40000
2020,President,polls-plus,8/21/2020,Trump,Biden,,0.00005,0.00105,,460,2020-08-21 19:26,40000
2020,President,polls-plus,8/21/2020,Trump,Biden,,0.000025,0.001575,,461,2020-08-21 19:26,40000
2020,President,polls-plus,8/21/2020,Trump,Biden,,0.00005,0.001525,,462,2020-08-21 19:26,40000
2020,President,polls-plus,8/21/2020,Trump,Biden,,0.00005,0.001275,,463,2020-08-21 19:26,40000
2020,President,polls-plus,8/21/2020,Trump,Biden,,0.00005,0.0012,,464,2020-08-21 19:26,40000
2020,President,polls-plus,8/21/2020,Trump,Biden,,0,0.0008,,465,2020-08-21 19:26,40000
2020,President,polls-plus,8/21/2020,Trump,Biden,,0.00005,0.00105,,466,2020-08-21 19:26,40000
2020,President,polls-plus,8/21/2020,Trump,Biden,,0.00005,0.00105,,467,2020-08-21 19:26,40000
2020,President,polls-plus,8/21/2020,Trump,Biden,,0.000025,0.0011,,468,2020-08-21 19:26,40000
2020,President,polls-plus,8/21/2020,Trump,Biden,,0.000025,0.001175,,469,2020-08-21 19:26,40000
2020,President,polls-plus,8/21/2020,Trump,Biden,,0,0.000875,,470,2020-08-21 19:26,40000
2020,President,polls-plus,8/21/2020,Trump,Biden,,0,0.000925,,471,2020-08-21 19:26,40000
2020,President,polls-plus,8/21/2020,Trump,Biden,,0.000025,0.001275,,472,2020-08-21 19:26,40000
2020,President,polls-plus,8/21/2020,Trump,Biden,,0,0.001025,,473,2020-08-21 19:26,40000
2020,President,polls-plus,8/21/2020,Trump,Biden,,0,0.000625,,474,2020-08-21 19:26,40000
2020,President,polls-plus,8/21/2020,Trump,Biden,,0.000025,0.001375,,475,2020-08-21 19:26,40000
2020,President,polls-plus,8/21/2020,Trump,Biden,,0.000025,0.00125,,476,2020-08-21 19:26,40000
2020,President,polls-plus,8/21/2020,Trump,Biden,,0.000025,0.00055,,477,2020-08-21 19:26,40000
2020,President,polls-plus,8/21/2020,Trump,Biden,,0,0.000875,,478,2020-08-21 19:26,40000
2020,President,polls-plus,8/21/2020,Trump,Biden,,0.000025,0.000475,,479,2020-08-21 19:26,40000
2020,President,polls-plus,8/21/2020,Trump,Biden,,0.000025,0.00095,,480,2020-08-21 19:26,40000
2020,President,polls-plus,8/21/2020,Trump,Biden,,0,0.001175,,481,2020-08-21 19:26,40000
2020,President,polls-plus,8/21/2020,Trump,Biden,,0,0.00085,,482,2020-08-21 19:26,40000
2020,President,polls-plus,8/21/2020,Trump,Biden,,0.000025,0.0015,,483,2020-08-21 19:26,40000
2020,President,polls-plus,8/21/2020,Trump,Biden,,0,0.001025,,484,2020-08-21 19:26,40000
2020,President,polls-plus,8/21/2020,Trump,Biden,,0,0.0004,,485,2020-08-21 19:26,40000
2020,President,polls-plus,8/21/2020,Trump,Biden,,0,0.001175,,486,2020-08-21 19:26,40000
2020,President,polls-plus,8/21/2020,Trump,Biden,,0.000025,0.00135,,487,2020-08-21 19:26,40000
2020,President,polls-plus,8/21/2020,Trump,Biden,,0,0.000375,,488,2020-08-21 19:26,40000
2020,President,polls-plus,8/21/2020,Trump,Biden,,0.000025,0.00045,,489,2020-08-21 19:26,40000
2020,President,polls-plus,8/21/2020,Trump,Biden,,0.00005,0.0006,,490,2020-08-21 19:26,40000
2020,President,polls-plus,8/21/2020,Trump,Biden,,0,0.000525,,491,2020-08-21 19:26,40000
2020,President,polls-plus,8/21/2020,Trump,Biden,,0,0.00075,,492,2020-08-21 19:26,40000
2020,President,polls-plus,8/21/2020,Trump,Biden,,0,0.000725,,493,2020-08-21 19:26,40000
2020,President,polls-plus,8/21/2020,Trump,Biden,,0,0.000375,,494,2020-08-21 19:26,40000
2020,President,polls-plus,8/21/2020,Trump,Biden,,0,0.0011,,495,2020-08-21 19:26,40000
2020,President,polls-plus,8/21/2020,Trump,Biden,,0,0.0005,,496,2020-08-21 19:26,40000
2020,President,polls-plus,8/21/2020,Trump,Biden,,0.000025,0.000375,,497,2020-08-21 19:26,40000
2020,President,polls-plus,8/21/2020,Trump,Biden,,0,0.000825,,498,2020-08-21 19:26,40000
2020,President,polls-plus,8/21/2020,Trump,Biden,,0,0.000525,,499,2020-08-21 19:26,40000
2020,President,polls-plus,8/21/2020,Trump,Biden,,0,0.000575,,500,2020-08-21 19:26,40000
2020,President,polls-plus,8/21/2020,Trump,Biden,,0,0.000725,,501,2020-08-21 19:26,40000
2020,President,polls-plus,8/21/2020,Trump,Biden,,0,0.0003,,502,2020-08-21 19:26,40000
2020,President,polls-plus,8/21/2020,Trump,Biden,,0.000025,0.0008,,503,2020-08-21 19:26,40000
2020,President,polls-plus,8/21/2020,Trump,Biden,,0.000025,0.000675,,504,2020-08-21 19:26,40000
2020,President,polls-plus,8/21/2020,Trump,Biden,,0.000025,0.000275,,505,2020-08-21 19:26,40000
2020,President,polls-plus,8/21/2020,Trump,Biden,,0.000025,0.0008,,506,2020-08-21 19:26,40000
2020,President,polls-plus,8/21/2020,Trump,Biden,,0,0.000575,,507,2020-08-21 19:26,40000
2020,President,polls-plus,8/21/2020,Trump,Biden,,0,0.000225,,508,2020-08-21 19:26,40000
2020,President,polls-plus,8/21/2020,Trump,Biden,,0.000025,0.00075,,509,2020-08-21 19:26,40000
2020,President,polls-plus,8/21/2020,Trump,Biden,,0.000025,0.000575,,510,2020-08-21 19:26,40000
2020,President,polls-plus,8/21/2020,Trump,Biden,,0,0.0002,,511,2020-08-21 19:26,40000
2020,President,polls-plus,8/21/2020,Trump,Biden,,0.000025,0.000375,,512,2020-08-21 19:26,40000
2020,President,polls-plus,8/21/2020,Trump,Biden,,0,0.000475,,513,2020-08-21 19:26,40000
2020,President,polls-plus,8/21/2020,Trump,Biden,,0,0.000225,,514,2020-08-21 19:26,40000
2020,President,polls-plus,8/21/2020,Trump,Biden,,0.00005,0.00035,,515,2020-08-21 19:26,40000
2020,President,polls-plus,8/21/2020,Trump,Biden,,0,0.000375,,516,2020-08-21 19:26,40000
2020,President,polls-plus,8/21/2020,Trump,Biden,,0,0.0001,,517,2020-08-21 19:26,40000
2020,President,polls-plus,8/21/2020,Trump,Biden,,0,0.0004,,518,2020-08-21 19:26,40000
2020,President,polls-plus,8/21/2020,Trump,Biden,,0,0.00025,,519,2020-08-21 19:26,40000
2020,President,polls-plus,8/21/2020,Trump,Biden,,0,0.000175,,520,2020-08-21 19:26,40000
2020,President,polls-plus,8/21/2020,Trump,Biden,,0.000025,0.000225,,521,2020-08-21 19:26,40000
2020,President,polls-plus,8/21/2020,Trump,Biden,,0.000025,0.00045,,522,2020-08-21 19:26,40000
2020,President,polls-plus,8/21/2020,Trump,Biden,,0.000025,0.000225,,523,2020-08-21 19:26,40000
2020,President,polls-plus,8/21/2020,Trump,Biden,,0,0.0002,,524,2020-08-21 19:26,40000
2020,President,polls-plus,8/21/2020,Trump,Biden,,0,0.0003,,525,2020-08-21 19:26,40000
2020,President,polls-plus,8/21/2020,Trump,Biden,,0,0.00005,,526,2020-08-21 19:26,40000
2020,President,polls-plus,8/21/2020,Trump,Biden,,0,0.000325,,527,2020-08-21 19:26,40000
2020,President,polls-plus,8/21/2020,Trump,Biden,,0,0.000075,,528,2020-08-21 19:26,40000
2020,President,polls-plus,8/21/2020,Trump,Biden,,0,0.00035,,529,2020-08-21 19:26,40000
2020,President,polls-plus,8/21/2020,Trump,Biden,,0,0.000275,,530,2020-08-21 19:26,40000
2020,President,polls-plus,8/21/2020,Trump,Biden,,0,0.000075,,531,2020-08-21 19:26,40000
2020,President,polls-plus,8/21/2020,Trump,Biden,,0,0.000025,,532,2020-08-21 19:26,40000
2020,President,polls-plus,8/21/2020,Trump,Biden,,0,0.00005,,533,2020-08-21 19:26,40000
2020,President,polls-plus,8/21/2020,Trump,Biden,,0,0.000875,,534,2020-08-21 19:26,40000
2020,President,polls-plus,8/21/2020,Trump,Biden,,0.000075,0,,535,2020-08-21 19:26,40000
2020,President,polls-plus,8/21/2020,Trump,Biden,,0,0,,536,2020-08-21 19:26,40000
2020,President,polls-plus,8/21/2020,Trump,Biden,,0,0.000125,,537,2020-08-21 19:26,40000
2020,President,polls-plus,8/21/2020,Trump,Biden,,0,0.00005,,538,2020-08-21 19:26,40000
